Days,Prediction
0,10.69900036
1,10.69900036
2,10.69900036
3,10.69900036
4,10.69900036
5,10.69900036
6,10.76000023
7,10.76000023